<?xml version="1.0" encoding="UTF-8" standalone="yes"?>
<addon id="plugin.program.gtking" name="[COLOR dodgerblue]GTKing[/COLOR] [COLOR green]WIZARD[/COLOR]" version="2.0.2" provider-name="Manu, Josa, David y Sugea">
  <requires>
    <import addon="xbmc.python" version="2.1.0"/>
  </requires>
  <extension point="xbmc.python.pluginsource" library="default.py">
    <provides>executable</provides>
  </extension>
  <extension point="xbmc.service" library="startup.py" start="startup" />
  <extension point="xbmc.addon.metadata">
    <summary lang="en">[COLOR dodgerblue]GTKing[/COLOR] [COLOR green]WIZARD[/COLOR]</summary>
    <description lang="en">Addon instalador para [COLOR dodgerblue]GTKing[/COLOR]
Telegram: [COLOR lime]t.me/beelinkking[/COLOR]</description>
<news>- Versión 2.0 de la Build GTKing
- Mejoras en buffer. 
- Mejoras de aspectos. 
- Nueva distribución de atajos a secciones.
- Añadido addon MediaExplorer para visionado de contenido.
- Incluido Forzar Cierre en menú de apagado.
 </news>	
    <platform>all</platform>
  </extension>
</addon>

    
