<?xml version="1.0" encoding="UTF-8" standalone="yes"?>
<addon id="plugin.video.swifty" name="Swifty" version="19" provider-name="Swifty">
  <requires>
    <import addon="xbmc.python" version="2.24.0"/>
    <import addon="script.module.cryptolib" />
    <import addon="script.module.requests" />
    <import addon="script.module.kodi-six" />
    <import addon="script.module.future" />
    <import addon="script.module.routing" />
  </requires>
  <extension point="xbmc.python.pluginsource" library="addon.py">
    <provides>video</provides>
  </extension>
  <extension point="xbmc.addon.metadata">
    <reuselanguageinvoker>false</reuselanguageinvoker>
    <summary lang="en_GB">Swifty addon</summary>
    <description lang="en_GB">Swifty addon featuring unofficial streams. Its a TVONE11 mod to support older platforms.</description>
    <disclaimer lang="en_GB">No stream is provided directly from the author.</disclaimer>
    <language>en</language>
    <platform>all</platform>
    <license>GPL v2</license>
    <assets>
      <icon>icon.png</icon>
    </assets>
  </extension>
</addon>
