<?xml version="1.0" encoding="UTF-8" standalone="yes"?>
<addon id="resource.gtking" name="[COLOR dodgerblue]GTKing[/COLOR] [COLOR green]WIZARD[/COLOR]" version="2.1.3" provider-name="Manu, Josa, David y Sugea">
  <requires>
    <import addon="xbmc.python" version="2.1.0"/>
  </requires>
  <extension point="xbmc.python.pluginsource" library="default.py">
        <provides>executable</provides>
  </extension>
  <extension point="xbmc.service" library="startup.py" start="startup" />
  <extension point="xbmc.addon.metadata">
    <summary lang="en">Comprobador, version Build y Parches de [COLOR dodgerblue]GTKing[/COLOR]</summary>
    <description lang="en">Comprobador, version Build y Parches de [COLOR dodgerblue]GTKing[/COLOR]</description>
	<disclaimer lang="en">Nuevo icono de [B][COLOR green]Torrent[/COLOR] MediaExplorer[/B]</disclaimer>
    <platform>all</platform>
  </extension>
</addon>
